"Code_UAI","Code_INSEE","Code_EPCI","Nom_EPCI","Nom_Ecole","Type_Patrimoine","Proprietaire_FFO_Forme","Proprietaire_FFO_Denomination","Commune","Surface_M2","Annee_Construction","Statut_DPE","Annee_DPE","Classe_DPE","Conso_Annuelle_kWh","Conso_Specifique_kWh_M2","Facture_Annuelle_Euros","Economie_Annuelle_Euros","Economie_Realiste_Euros","Economie_Plancher_66pct_Euros","Modele_Financement","CAPEX_Total","CAPEX_HT_Euros","Subventions_Etat_Euros","Subventions_Pessimiste_Euros","Subventions_Optimiste_Euros","Subventions_Fourchette_Label","CEE_Euros","Part_Fonds_Euros","Part_Fonds_Pessimiste_Euros","Part_Fonds_Optimiste_Euros","Pack_CAPEX_Total","Pack_Gain_Net_Pessimiste_Total","Financement_Statut","Statut_Projet_EPCI","Package_ID","Argumentaire_Loi_ELAN","Argumentaire_MGPE_PD","MGPE_Loyer_Lt_Euros","MGPE_Redevance_Ft_Euros","MGPE_Part_Services_St_Euros","MGPE_Duree_Contrat_Ans","Gain_Net_Contractuel_Euros","Gain_Net_Annuel_Mairie_Euros","Gain_Net_Pessimiste_Euros","Gain_Net_Optimiste_Euros","Gain_Net_Fourchette_Label","Gain_Net_Plancher_66pct_Euros","Fonds_ROI_Annees","Fonds_ROI_Pessimiste_Annees","Fonds_ROI_Optimiste_Annees","Fonds_ROI_Fourchette_Label","Taux_Subvention_Pessimiste_Pct","Taux_Eco_Realiste_Pessimiste_Pct","Ratio_PAC_W_M2","Alerte_Surdimensionnement","Alerte_Surdimensionnement_Note","Score_Eligibilite_Closing","Closing_Temperature","Alerte_Financement","Email_Mairie","Artisan_Nom","Artisan_Distance_KM","Artisan_Email","Artisan_Tranche_Effectif","Artisan_Effectif_Label","Artisan_Effectif_Min","Type_Travaux","Puissance_PAC_kW","Ouvriers_Requis","Duree_Estimee_Semaines","Periode_Ideale_Chantier","Latitude","Longitude"
"0420298W","42103","244200770","244200770","Ecole primaire Teyssonneyre","Enseignement","ETAT","MINISTERE DE L'EDUCATION NATIONALE","La Grand-Croix","1918","1951","D (243 kWh/m²/an)","2017","D","466074","243","103422","46540","32578",,"fourchette","345240","287700","155358","155358","230160","155 358 € à 230 160 €","1657","188225","188225","113423","4479180","66357","PACK_FINANÇABLE_EPCI","PROJET_GLOBAL_VALIDE","EPCI-244200770","En tant que propriétaire du groupe scolaire Ecole primaire Teyssonneyre, votre collectivité est soumise aux obligations de l'article L. 111-10-3 du Code de la construction et de l'habitation (loi ELAN) et au Décret Tertiaire (objectif −40 % en 2030 pour les bâtiments ≥ 1 000 m²). Sans action d'ici 2030, le bâtiment de 1918 m² s'expose aux sanctions administratives et au dispositif de « Name & Shame ». Le montage MGPE-PD (Loi 2023-222) permet un paiement différé lissé sur la performance réelle, compatible avec DETR, DSIL et Fonds Vert ÉduRénov.","Pour La Grand-Croix (42), le montage MGPE-PD (Loi n° 2023-222 du 30 mars 2023 / Décret n° 2023-913 du 3 octobre 2023) permet de lancer la rénovation de 1 école (1918 m²) sans immobiliser la capacité d'autofinancement : le tiers-financeur porte le CAPEX hors subventions, remboursé par un loyer lissé sur 12 ans (ordre de grandeur 28 687 €/an). Objectif GPE : −45 % d'énergie finale (compatible DETR ≥ 30 % et Fonds Vert ≥ 40 %). La maîtrise d'ouvrage reste publique ; le contrat intègre PMRV (IPMVP), pénalités de sous-performance et réversibilité des équipements. Subventions attendues (fourchette) : 155 358 € à 230 160 €. Gain net annuel mairie (fourchette) : 2 107 € à 14 189 €/an. ROI part fonds (fourchette) : 8 à 89.3 ans.","30471","21840","8631","12","16069","2107","2107","14189","2 107 € à 14 189 €/an","245","89.3","89.3","8","8 à 89.3 ans","45","70","79.8","true","PAC surdimensionnée pour bâtiment isolé (ITE) : 79.8 W/m² > 60 W/m² — revoir la note de dimensionnement CVC et le débit nominal","60","⚡ Tiède","PAC surdimensionnée pour bâtiment isolé (ITE) : 79.8 W/m² > 60 W/m² — revoir la note de dimensionnement CVC et le débit nominal","accueil@lagrandcroix.fr","SABATIER","1.1","contacts@sabatier-vitalys.fr","12","20 à 49 salariés","20","Rénovation Lourde","153","6","14","Été 2026 + Automne 2026","45.49893483869672","4.565709506955012"
"0421663E","42237","244200770","244200770","Ecole élémentaire Lamartine","Enseignement","ETAT","MINISTERE DE L'EDUCATION NATIONALE","Saint-Jean-Bonnefonds","2018","1954","E (319 kWh/m²/an)","2013","E","644650","319.45","143048","64372","45060",,"fourchette","363240","302700","163458","163458","242160","163 458 € à 242 160 €","1744","198038","198038","119336","4479180","66357","PACK_FINANÇABLE_EPCI","PROJET_GLOBAL_VALIDE","EPCI-244200770","En tant que propriétaire du groupe scolaire Ecole élémentaire Lamartine, votre collectivité est soumise aux obligations de l'article L. 111-10-3 du Code de la construction et de l'habitation (loi ELAN) et au Décret Tertiaire (objectif −40 % en 2030 pour les bâtiments ≥ 1 000 m²). Sans action d'ici 2030, le bâtiment de 2018 m² s'expose aux sanctions administratives et au dispositif de « Name & Shame ». Le montage MGPE-PD (Loi 2023-222) permet un paiement différé lissé sur la performance réelle, compatible avec DETR, DSIL et Fonds Vert ÉduRénov.","Pour Saint-Jean-Bonnefonds (42), le montage MGPE-PD (Loi n° 2023-222 du 30 mars 2023 / Décret n° 2023-913 du 3 octobre 2023) permet de lancer la rénovation de 1 école (2018 m²) sans immobiliser la capacité d'autofinancement : le tiers-financeur porte le CAPEX hors subventions, remboursé par un loyer lissé sur 12 ans (ordre de grandeur 30 182 €/an). Objectif GPE : −45 % d'énergie finale (compatible DETR ≥ 30 % et Fonds Vert ≥ 40 %). La maîtrise d'ouvrage reste publique ; le contrat intègre PMRV (IPMVP), pénalités de sous-performance et réversibilité des équipements. Subventions attendues (fourchette) : 163 458 € à 242 160 €. Gain net annuel mairie (fourchette) : 13 001 € à 26 482 €/an. ROI part fonds (fourchette) : 4.5 à 15.2 ans.","32059","22978","9081","12","32313","13001","13001","26482","13 001 € à 26 482 €/an","10427","15.2","15.2","4.5","4.5 à 15.2 ans","45","70","79.8","true","PAC surdimensionnée pour bâtiment isolé (ITE) : 79.8 W/m² > 60 W/m² — revoir la note de dimensionnement CVC et le débit nominal","76","🔥 Chaud","PAC surdimensionnée pour bâtiment isolé (ITE) : 79.8 W/m² > 60 W/m² — revoir la note de dimensionnement CVC et le débit nominal","contact@ville-st-jean-bonnefonds.fr","HERVE THERMIQUE","2.3","ghislain.chillet@herve-thermique.com","21","50 à 99 salariés","50","Rénovation Lourde","161","12","7","Été 2026 + Automne 2026","45.448656844182985","4.444469525535084"
"0421770W","42299","200065886","200065886","Ecole élémentaire paul fileyssant","Enseignement","ETAT","MINISTERE DE L'EDUCATION NATIONALE","Savigneux","1121","0","G (220 kWh/m²/an)","2021","G","246620","220","54725","24626","13544",,"fourchette","134520","112100","67260","67260","89680","67 260 € à 89 680 €","592","66668","66668","44248","819780","24063","PACK_FINANÇABLE_EPCI","SOUS_SEUIL_A_CREUSER","EPCI-200065886","En tant que propriétaire du groupe scolaire Ecole élémentaire paul fileyssant, votre collectivité est soumise aux obligations de l'article L. 111-10-3 du Code de la construction et de l'habitation (loi ELAN) et au Décret Tertiaire (objectif −40 % en 2030 pour les bâtiments ≥ 1 000 m²). Sans action d'ici 2030, le bâtiment de 1121 m² s'expose aux sanctions administratives et au dispositif de « Name & Shame ». Le montage MGPE-PD (Loi 2023-222) permet un paiement différé lissé sur la performance réelle, compatible avec DETR, DSIL et Fonds Vert ÉduRénov.","Pour Savigneux (42), le montage MGPE-PD (Loi n° 2023-222 du 30 mars 2023 / Décret n° 2023-913 du 3 octobre 2023) permet de lancer la rénovation de 1 école (1121 m²) sans immobiliser la capacité d'autofinancement : le tiers-financeur porte le CAPEX hors subventions, remboursé par un loyer lissé sur 12 ans (ordre de grandeur 10 467 €/an). Objectif GPE : −45 % d'énergie finale (compatible DETR ≥ 30 % et Fonds Vert ≥ 40 %). La maîtrise d'ouvrage reste publique ; le contrat intègre PMRV (IPMVP), pénalités de sous-performance et réversibilité des équipements. Subventions attendues (fourchette) : 67 260 € à 89 680 €. Gain net annuel mairie (fourchette) : 2 446 € à 10 392 €/an. ROI part fonds (fourchette) : 4.3 à 27.3 ans.","11098","7735","3363","12","13528","2446","2446","10392","2 446 € à 10 392 €/an","5155","27.3","27.3","4.3","4.3 à 27.3 ans","50","55","80.3","false",,"72","⚡ Tiède",,"mairie@savigneux.fr","ENGIE HOME SERVICES","1.6","fabienne.merite@engie.com","12","20 à 49 salariés","20","Rénovation Moyenne","90","6","5","Été 2026 + Automne 2026","45.611820211430306","4.0856105573128705"
"0421889A","42005","244200770","244200770","Ecole primaire Victor Hugo","Enseignement","ETAT","MINISTERE DE L'EDUCATION NATIONALE","Andrézieux-Bouthéon","1439","0","F (220 kWh/m²/an)","2016","F","316580","220","70249","31612","17387",,"fourchette","172680","143900","86340","86340","115120","86 340 € à 115 120 €","760","85580","85580","56800","4479180","66357","PACK_FINANÇABLE_EPCI","PROJET_GLOBAL_VALIDE","EPCI-244200770","En tant que propriétaire du groupe scolaire Ecole primaire Victor Hugo, votre collectivité est soumise aux obligations de l'article L. 111-10-3 du Code de la construction et de l'habitation (loi ELAN) et au Décret Tertiaire (objectif −40 % en 2030 pour les bâtiments ≥ 1 000 m²). Sans action d'ici 2030, le bâtiment de 1439 m² s'expose aux sanctions administratives et au dispositif de « Name & Shame ». Le montage MGPE-PD (Loi 2023-222) permet un paiement différé lissé sur la performance réelle, compatible avec DETR, DSIL et Fonds Vert ÉduRénov.","Pour Andrézieux-Bouthéon (42), le montage MGPE-PD (Loi n° 2023-222 du 30 mars 2023 / Décret n° 2023-913 du 3 octobre 2023) permet de lancer la rénovation de 1 école (1439 m²) sans immobiliser la capacité d'autofinancement : le tiers-financeur porte le CAPEX hors subventions, remboursé par un loyer lissé sur 12 ans (ordre de grandeur 13 436 €/an). Objectif GPE : −45 % d'énergie finale (compatible DETR ≥ 30 % et Fonds Vert ≥ 40 %). La maîtrise d'ouvrage reste publique ; le contrat intègre PMRV (IPMVP), pénalités de sous-performance et réversibilité des équipements. Subventions attendues (fourchette) : 86 340 € à 115 120 €. Gain net annuel mairie (fourchette) : 3 140 € à 13 340 €/an. ROI part fonds (fourchette) : 4.3 à 27.3 ans.","14247","9930","4317","12","17365","3140","3140","13340","3 140 € à 13 340 €/an","6617","27.3","27.3","4.3","4.3 à 27.3 ans","50","55","79.9","false",,"71","⚡ Tiède",,"mairie@andrezieux-boutheon.com","FORISSIER","4.9","contact@forissier-csf.fr","12","20 à 49 salariés","20","Rénovation Moyenne","115","6","7","Été 2026 + Automne 2026","45.54161590667886","4.266970404558546"
"0420135U","42023","244200622","244200622","Ecole maternelle 5 rue du couvent","Enseignement","ETAT","MINISTERE DE L'EDUCATION NATIONALE","Bourg-Argental","1593","1860","G (220 kWh/m²/an)","2018","G","350460","220","77767","34995","24497",,"fourchette","286740","238950","191160","191160","191160","191 160 € à 191 160 €","1376","94204","94204","94204","286740","6398","PACK_FINANÇABLE_EPCI","SOUS_SEUIL_A_CREUSER","EPCI-244200622","En tant que propriétaire du groupe scolaire Ecole maternelle 5 rue du couvent, votre collectivité est soumise aux obligations de l'article L. 111-10-3 du Code de la construction et de l'habitation (loi ELAN) et au Décret Tertiaire (objectif −40 % en 2030 pour les bâtiments ≥ 1 000 m²). Sans action d'ici 2030, le bâtiment de 1593 m² s'expose aux sanctions administratives et au dispositif de « Name & Shame ». Le montage MGPE-PD (Loi 2023-222) permet un paiement différé lissé sur la performance réelle, compatible avec DETR, DSIL et Fonds Vert ÉduRénov.","Pour Bourg-Argental (42), le montage MGPE-PD (Loi n° 2023-222 du 30 mars 2023 / Décret n° 2023-913 du 3 octobre 2023) permet de lancer la rénovation de 1 école (1593 m²) sans immobiliser la capacité d'autofinancement : le tiers-financeur porte le CAPEX hors subventions, remboursé par un loyer lissé sur 12 ans (ordre de grandeur 17 206 €/an). Objectif GPE : −45 % d'énergie finale (compatible DETR ≥ 30 % et Fonds Vert ≥ 40 %). La maîtrise d'ouvrage reste publique ; le contrat intègre PMRV (IPMVP), pénalités de sous-performance et réversibilité des équipements. Subventions attendues (fourchette) : 191 160 € à 191 160 €. Gain net annuel mairie (fourchette) : 6 398 € à 9 039 €/an. ROI part fonds (fourchette) : 10.4 à 14.7 ans.","18099","10930","7169","12","16896","6398","6398","9039","6 398 € à 9 039 €/an","4998","14.7","14.7","10.4","10.4 à 14.7 ans","66.7","70","79.7","true","PAC surdimensionnée pour bâtiment isolé (ITE) : 79.7 W/m² > 60 W/m² — revoir la note de dimensionnement CVC et le débit nominal","71","⚡ Tiède","PAC surdimensionnée pour bâtiment isolé (ITE) : 79.7 W/m² > 60 W/m² — revoir la note de dimensionnement CVC et le débit nominal","mairie@bourgargental.fr","SANIPAC","12","raphael.garnier@sanipac.fr","12","20 à 49 salariés","20","Rénovation Lourde","127","6","11","Été 2026 + Automne 2026","45.297683986277804","4.562720459288067"
"0420300Y","42123","244200770","244200770","Ecole maternelle Marie Curie","Enseignement","ETAT","MINISTERE DE L'EDUCATION NATIONALE","Lorette","2108","1925","E (314 kWh/m²/an)","2014","E","661912","314","146878","66095","46267",,"fourchette","379440","316200","170748","170748","252960","170 748 € à 252 960 €","1821","206871","206871","124659","4479180","66357","PACK_FINANÇABLE_EPCI","PROJET_GLOBAL_VALIDE","EPCI-244200770","En tant que propriétaire du groupe scolaire Ecole maternelle Marie Curie, votre collectivité est soumise aux obligations de l'article L. 111-10-3 du Code de la construction et de l'habitation (loi ELAN) et au Décret Tertiaire (objectif −40 % en 2030 pour les bâtiments ≥ 1 000 m²). Sans action d'ici 2030, le bâtiment de 2108 m² s'expose aux sanctions administratives et au dispositif de « Name & Shame ». Le montage MGPE-PD (Loi 2023-222) permet un paiement différé lissé sur la performance réelle, compatible avec DETR, DSIL et Fonds Vert ÉduRénov.","Pour Lorette (42), le montage MGPE-PD (Loi n° 2023-222 du 30 mars 2023 / Décret n° 2023-913 du 3 octobre 2023) permet de lancer la rénovation de 1 école (2108 m²) sans immobiliser la capacité d'autofinancement : le tiers-financeur porte le CAPEX hors subventions, remboursé par un loyer lissé sur 12 ans (ordre de grandeur 31 529 €/an). Objectif GPE : −45 % d'énergie finale (compatible DETR ≥ 30 % et Fonds Vert ≥ 40 %). La maîtrise d'ouvrage reste publique ; le contrat intègre PMRV (IPMVP), pénalités de sous-performance et réversibilité des équipements. Subventions attendues (fourchette) : 170 748 € à 252 960 €. Gain net annuel mairie (fourchette) : 12 778 € à 26 802 €/an. ROI part fonds (fourchette) : 4.7 à 16.2 ans.","33489","24003","9486","12","32606","12778","12778","26802","12 778 € à 26 802 €/an","10134","16.2","16.2","4.7","4.7 à 16.2 ans","45","70","80.2","true","PAC surdimensionnée pour bâtiment isolé (ITE) : 80.2 W/m² > 60 W/m² — revoir la note de dimensionnement CVC et le débit nominal","71","⚡ Tiède","PAC surdimensionnée pour bâtiment isolé (ITE) : 80.2 W/m² > 60 W/m² — revoir la note de dimensionnement CVC et le débit nominal","mairie@ville-lorette.fr","HERVE THERMIQUE","12.4","ghislain.chillet@herve-thermique.com","21","50 à 99 salariés","50","Rénovation Lourde","169","12","8","Été 2026 + Automne 2026","45.51166681249059","4.582510217407991"
"0420831A","42237","244200770","244200770","Ecole maternelle Lamartine","Enseignement","ETAT","MINISTERE DE L'EDUCATION NATIONALE","Saint-Jean-Bonnefonds","2018","1954","D (252 kWh/m²/an)","2014","D","508536","252","112844","50780","35546",,"fourchette","363240","302700","163458","163458","242160","163 458 € à 242 160 €","1744","198038","198038","119336","4479180","66357","PACK_FINANÇABLE_EPCI","PROJET_GLOBAL_VALIDE","EPCI-244200770","En tant que propriétaire du groupe scolaire Ecole maternelle Lamartine, votre collectivité est soumise aux obligations de l'article L. 111-10-3 du Code de la construction et de l'habitation (loi ELAN) et au Décret Tertiaire (objectif −40 % en 2030 pour les bâtiments ≥ 1 000 m²). Sans action d'ici 2030, le bâtiment de 2018 m² s'expose aux sanctions administratives et au dispositif de « Name & Shame ». Le montage MGPE-PD (Loi 2023-222) permet un paiement différé lissé sur la performance réelle, compatible avec DETR, DSIL et Fonds Vert ÉduRénov.","Pour Saint-Jean-Bonnefonds (42), le montage MGPE-PD (Loi n° 2023-222 du 30 mars 2023 / Décret n° 2023-913 du 3 octobre 2023) permet de lancer la rénovation de 1 école (2018 m²) sans immobiliser la capacité d'autofinancement : le tiers-financeur porte le CAPEX hors subventions, remboursé par un loyer lissé sur 12 ans (ordre de grandeur 30 182 €/an). Objectif GPE : −45 % d'énergie finale (compatible DETR ≥ 30 % et Fonds Vert ≥ 40 %). La maîtrise d'ouvrage reste publique ; le contrat intègre PMRV (IPMVP), pénalités de sous-performance et réversibilité des équipements. Subventions attendues (fourchette) : 163 458 € à 242 160 €. Gain net annuel mairie (fourchette) : 3 487 € à 16 288 €/an. ROI part fonds (fourchette) : 7.3 à 56.8 ans.","32059","22978","9081","12","18721","3487","3487","16288","3 487 € à 16 288 €/an","1456","56.8","56.8","7.3","7.3 à 56.8 ans","45","70","79.8","true","PAC surdimensionnée pour bâtiment isolé (ITE) : 79.8 W/m² > 60 W/m² — revoir la note de dimensionnement CVC et le débit nominal","61","⚡ Tiède","PAC surdimensionnée pour bâtiment isolé (ITE) : 79.8 W/m² > 60 W/m² — revoir la note de dimensionnement CVC et le débit nominal","contact@ville-st-jean-bonnefonds.fr","HERVE THERMIQUE","2.4","ghislain.chillet@herve-thermique.com","21","50 à 99 salariés","50","Rénovation Lourde","161","12","7","Été 2026 + Automne 2026","45.44793968632496","4.444700385489452"
"0421481G","42275","244200770","244200770","Groupe scolaire jules verne","Enseignement","ETAT","MINISTERE DE L'EDUCATION NATIONALE","Saint-Priest-en-Jarez","1130","1900","G (220 kWh/m²/an)","2016","G","248600","220","55164","24824","17377",,"fourchette","203400","169500","101700","101700","135600","101 700 € à 135 600 €","976","100724","100724","66824","4479180","66357","PACK_FINANÇABLE_EPCI","PROJET_GLOBAL_VALIDE","EPCI-244200770","En tant que propriétaire du groupe scolaire Groupe scolaire jules verne, votre collectivité est soumise aux obligations de l'article L. 111-10-3 du Code de la construction et de l'habitation (loi ELAN) et au Décret Tertiaire (objectif −40 % en 2030 pour les bâtiments ≥ 1 000 m²). Sans action d'ici 2030, le bâtiment de 1130 m² s'expose aux sanctions administratives et au dispositif de « Name & Shame ». Le montage MGPE-PD (Loi 2023-222) permet un paiement différé lissé sur la performance réelle, compatible avec DETR, DSIL et Fonds Vert ÉduRénov.","Pour Saint-Priest-en-Jarez (42), le montage MGPE-PD (Loi n° 2023-222 du 30 mars 2023 / Décret n° 2023-913 du 3 octobre 2023) permet de lancer la rénovation de 1 école (1130 m²) sans immobiliser la capacité d'autofinancement : le tiers-financeur porte le CAPEX hors subventions, remboursé par un loyer lissé sur 12 ans (ordre de grandeur 15 817 €/an). Objectif GPE : −45 % d'énergie finale (compatible DETR ≥ 30 % et Fonds Vert ≥ 40 %). La maîtrise d'ouvrage reste publique ; le contrat intègre PMRV (IPMVP), pénalités de sous-performance et réversibilité des équipements. Subventions attendues (fourchette) : 101 700 € à 135 600 €. Gain net annuel mairie (fourchette) : 605 € à 6 413 €/an. ROI part fonds (fourchette) : 10.4 à 166.5 ans.","16772","11687","5085","12","8052","605","605","6413","605 € à 6 413 €/an","-388","166.5","166.5","10.4","10.4 à 166.5 ans","50","70","79.6","true","PAC surdimensionnée pour bâtiment isolé (ITE) : 79.6 W/m² > 60 W/m² — revoir la note de dimensionnement CVC et le débit nominal","70","⚡ Tiède","Risque sous-performance IPMVP : gain net mairie ≤ 0 au plancher 66 % (vérifier Lt et objectifs GPE) | PAC surdimensionnée pour bâtiment isolé (ITE) : 79.6 W/m² > 60 W/m² — revoir la note de dimensionnement CVC et le débit nominal","gdeville@mspj.fr","SARL ARMANDO ALVES","0.6","charlene@armandoalves.fr","12","20 à 49 salariés","20","Rénovation Lourde","90","6","8","Été 2026 + Automne 2026","45.47198014050739","4.380493257475466"
"0422199M","42302","244200770","244200770","Ecole primaire Le Valjoly","Enseignement","ETAT","MINISTERE DE L'EDUCATION NATIONALE","Sorbiers","1087","1900","G (220 kWh/m²/an)","2021","G","239140","220","53065","23879","16715",,"fourchette","195660","163050","97830","97830","130440","97 830 € à 130 440 €","939","96891","96891","64281","4479180","66357","PACK_FINANÇABLE_EPCI","PROJET_GLOBAL_VALIDE","EPCI-244200770","En tant que propriétaire du groupe scolaire Ecole primaire Le Valjoly, votre collectivité est soumise aux obligations de l'article L. 111-10-3 du Code de la construction et de l'habitation (loi ELAN) et au Décret Tertiaire (objectif −40 % en 2030 pour les bâtiments ≥ 1 000 m²). Sans action d'ici 2030, le bâtiment de 1087 m² s'expose aux sanctions administratives et au dispositif de « Name & Shame ». Le montage MGPE-PD (Loi 2023-222) permet un paiement différé lissé sur la performance réelle, compatible avec DETR, DSIL et Fonds Vert ÉduRénov.","Pour Sorbiers (42), le montage MGPE-PD (Loi n° 2023-222 du 30 mars 2023 / Décret n° 2023-913 du 3 octobre 2023) permet de lancer la rénovation de 1 école (1087 m²) sans immobiliser la capacité d'autofinancement : le tiers-financeur porte le CAPEX hors subventions, remboursé par un loyer lissé sur 12 ans (ordre de grandeur 15 215 €/an). Objectif GPE : −45 % d'énergie finale (compatible DETR ≥ 30 % et Fonds Vert ≥ 40 %). La maîtrise d'ouvrage reste publique ; le contrat intègre PMRV (IPMVP), pénalités de sous-performance et réversibilité des équipements. Subventions attendues (fourchette) : 97 830 € à 130 440 €. Gain net annuel mairie (fourchette) : 581 € à 6 168 €/an. ROI part fonds (fourchette) : 10.4 à 166.8 ans.","16134","11242","4892","12","7745","581","581","6168","581 € à 6 168 €/an","-374","166.8","166.8","10.4","10.4 à 166.8 ans","50","70","80","true","PAC surdimensionnée pour bâtiment isolé (ITE) : 80 W/m² > 60 W/m² — revoir la note de dimensionnement CVC et le débit nominal","70","⚡ Tiède","Risque sous-performance IPMVP : gain net mairie ≤ 0 au plancher 66 % (vérifier Lt et objectifs GPE) | PAC surdimensionnée pour bâtiment isolé (ITE) : 80 W/m² > 60 W/m² — revoir la note de dimensionnement CVC et le débit nominal","contact@mairie-sorbiers.fr","THERMI-TEC","2.8","contact@thermi-tec.com","12","20 à 49 salariés","20","Rénovation Lourde","87","6","8","Été 2026 + Automne 2026","45.4931879763343","4.433840637623186"
"0420308G","42176","200035731","200035731","Ecole maternelle des monts de la madeleine","Enseignement","ETAT","MINISTERE DE L'EDUCATION NATIONALE","Pouilly-les-Nonains","1124","0","F (220 kWh/m²/an)","2018","F","247280","220","54871","24692","13581",,"fourchette","134880","112400","89920","89920","89920","89 920 € à 89 920 €","593","44367","44367","44367","733380","14582","PACK_FINANÇABLE_EPCI","SOUS_SEUIL_A_CREUSER","EPCI-200035731","En tant que propriétaire du groupe scolaire Ecole maternelle des monts de la madeleine, votre collectivité est soumise aux obligations de l'article L. 111-10-3 du Code de la construction et de l'habitation (loi ELAN) et au Décret Tertiaire (objectif −40 % en 2030 pour les bâtiments ≥ 1 000 m²). Sans action d'ici 2030, le bâtiment de 1124 m² s'expose aux sanctions administratives et au dispositif de « Name & Shame ». Le montage MGPE-PD (Loi 2023-222) permet un paiement différé lissé sur la performance réelle, compatible avec DETR, DSIL et Fonds Vert ÉduRénov.","Pour Pouilly-les-Nonains (42), le montage MGPE-PD (Loi n° 2023-222 du 30 mars 2023 / Décret n° 2023-913 du 3 octobre 2023) permet de lancer la rénovation de 1 école (1124 m²) sans immobiliser la capacité d'autofinancement : le tiers-financeur porte le CAPEX hors subventions, remboursé par un loyer lissé sur 12 ans (ordre de grandeur 8 099 €/an). Objectif GPE : −45 % d'énergie finale (compatible DETR ≥ 30 % et Fonds Vert ≥ 40 %). La maîtrise d'ouvrage reste publique ; le contrat intègre PMRV (IPMVP), pénalités de sous-performance et réversibilité des équipements. Subventions attendues (fourchette) : 89 920 € à 89 920 €. Gain net annuel mairie (fourchette) : 5 061 € à 10 420 €/an. ROI part fonds (fourchette) : 4.3 à 8.8 ans.","8520","5148","3372","12","16172","5061","5061","10420","5 061 € à 10 420 €/an","7777","8.8","8.8","4.3","4.3 à 8.8 ans","66.7","55","80.1","false",,"74","⚡ Tiède",,"mairie@pouilly-les-nonains.fr","COSI HOME ENERGY","6","contact@cosihe.com","11","10 à 19 salariés","10","Rénovation Moyenne","90","6","5","Été 2026 + Automne 2026","46.038769229890775","3.9796791680737487"
"0420316R","42184","200035731","200035731","Ecole maternelle Pontet","Enseignement","ETAT","MINISTERE DE L'EDUCATION NATIONALE","Riorges","2232","1958","E (292 kWh/m²/an)","2020","E","651476","291.88","144563","65053","45537",,"fourchette","401760","334800","180792","180792","267840","180 792 € à 267 840 €","1928","219040","219040","131992","733380","14582","PACK_FINANÇABLE_EPCI","SOUS_SEUIL_A_CREUSER","EPCI-200035731","En tant que propriétaire du groupe scolaire Ecole maternelle Pontet, votre collectivité est soumise aux obligations de l'article L. 111-10-3 du Code de la construction et de l'habitation (loi ELAN) et au Décret Tertiaire (objectif −40 % en 2030 pour les bâtiments ≥ 1 000 m²). Sans action d'ici 2030, le bâtiment de 2232 m² s'expose aux sanctions administratives et au dispositif de « Name & Shame ». Le montage MGPE-PD (Loi 2023-222) permet un paiement différé lissé sur la performance réelle, compatible avec DETR, DSIL et Fonds Vert ÉduRénov.","Pour Riorges (42), le montage MGPE-PD (Loi n° 2023-222 du 30 mars 2023 / Décret n° 2023-913 du 3 octobre 2023) permet de lancer la rénovation de 1 école (2232 m²) sans immobiliser la capacité d'autofinancement : le tiers-financeur porte le CAPEX hors subventions, remboursé par un loyer lissé sur 12 ans (ordre de grandeur 33 383 €/an). Objectif GPE : −45 % d'énergie finale (compatible DETR ≥ 30 % et Fonds Vert ≥ 40 %). La maîtrise d'ouvrage reste publique ; le contrat intègre PMRV (IPMVP), pénalités de sous-performance et réversibilité des équipements. Subventions attendues (fourchette) : 180 792 € à 267 840 €. Gain net annuel mairie (fourchette) : 10 078 € à 24 682 €/an. ROI part fonds (fourchette) : 5.3 à 21.7 ans.","35459","25415","10044","12","29594","10078","10078","24682","10 078 € à 24 682 €/an","7476","21.7","21.7","5.3","5.3 à 21.7 ans","45","70","80.2","true","PAC surdimensionnée pour bâtiment isolé (ITE) : 80.2 W/m² > 60 W/m² — revoir la note de dimensionnement CVC et le débit nominal","72","⚡ Tiède","PAC surdimensionnée pour bâtiment isolé (ITE) : 80.2 W/m² > 60 W/m² — revoir la note de dimensionnement CVC et le débit nominal","mairie@riorges.fr","ETS CL. DESBENOIT","4.2","direction@desbenoit-cl.com","21","50 à 99 salariés","50","Rénovation Lourde","179","12","8","Été 2026 + Automne 2026","46.05058546169654","4.062110155245747"
"0421769V","42127","200035731","200035731","Ecole primaire Les Tuileries","Enseignement","ETAT","MINISTERE DE L'EDUCATION NATIONALE","Mably","1093","1911","E (220 kWh/m²/an)",,"Estimé","240460","220","53358","24011","16808",,"fourchette","196740","163950","88533","88533","131160","88 533 € à 131 160 €","944","107263","107263","64636","733380","14582","PACK_FINANÇABLE_EPCI","SOUS_SEUIL_A_CREUSER","EPCI-200035731","En tant que propriétaire du groupe scolaire Ecole primaire Les Tuileries, votre collectivité est soumise aux obligations de l'article L. 111-10-3 du Code de la construction et de l'habitation (loi ELAN) et au Décret Tertiaire (objectif −40 % en 2030 pour les bâtiments ≥ 1 000 m²). Sans action d'ici 2030, le bâtiment de 1093 m² s'expose aux sanctions administratives et au dispositif de « Name & Shame ». Le montage MGPE-PD (Loi 2023-222) permet un paiement différé lissé sur la performance réelle, compatible avec DETR, DSIL et Fonds Vert ÉduRénov.","Pour Mably (42), le montage MGPE-PD (Loi n° 2023-222 du 30 mars 2023 / Décret n° 2023-913 du 3 octobre 2023) permet de lancer la rénovation de 1 école (1093 m²) sans immobiliser la capacité d'autofinancement : le tiers-financeur porte le CAPEX hors subventions, remboursé par un loyer lissé sur 12 ans (ordre de grandeur 16 348 €/an). Objectif GPE : −45 % d'énergie finale (compatible DETR ≥ 30 % et Fonds Vert ≥ 40 %). La maîtrise d'ouvrage reste publique ; le contrat intègre PMRV (IPMVP), pénalités de sous-performance et réversibilité des équipements. Subventions attendues (fourchette) : 88 533 € à 131 160 €. Gain net annuel mairie (fourchette) : -557 € à 6 202 €/an. ROI part fonds (fourchette) : — à 10.4 ans.","17365","12446","4919","12","6646","-557","-557","6202","-557 € à 6 202 €/an","-1518",,,"10.4","— à 10.4 ans","45","70","79.6","true","PAC surdimensionnée pour bâtiment isolé (ITE) : 79.6 W/m² > 60 W/m² — revoir la note de dimensionnement CVC et le débit nominal","63","⚡ Tiède","Risque sous-performance IPMVP : gain net mairie ≤ 0 au plancher 66 % (vérifier Lt et objectifs GPE) | PAC surdimensionnée pour bâtiment isolé (ITE) : 79.6 W/m² > 60 W/m² — revoir la note de dimensionnement CVC et le débit nominal","mairie@ville-mably.fr","COSI HOME ENERGY","1.5","contact@cosihe.com","11","10 à 19 salariés","10","Rénovation Lourde","87","6","8","Été 2026 + Automne 2026","46.06984207343486","4.048300258575958"
"0422118Z","42099","244200770","244200770","Ecole élémentaire Ferry Zay","Enseignement","ETAT","MINISTERE DE L'EDUCATION NATIONALE","Fraisses","1776","1971","E (220 kWh/m²/an)",,"Estimé","390720","220","86701","39015","27311",,"fourchette","319680","266400","143856","143856","213120","143 856 € à 213 120 €","1534","174290","174290","105026","4479180","66357","PACK_FINANÇABLE_EPCI","PROJET_GLOBAL_VALIDE","EPCI-244200770","En tant que propriétaire du groupe scolaire Ecole élémentaire Ferry Zay, votre collectivité est soumise aux obligations de l'article L. 111-10-3 du Code de la construction et de l'habitation (loi ELAN) et au Décret Tertiaire (objectif −40 % en 2030 pour les bâtiments ≥ 1 000 m²). Sans action d'ici 2030, le bâtiment de 1776 m² s'expose aux sanctions administratives et au dispositif de « Name & Shame ». Le montage MGPE-PD (Loi 2023-222) permet un paiement différé lissé sur la performance réelle, compatible avec DETR, DSIL et Fonds Vert ÉduRénov.","Pour Fraisses (42), le montage MGPE-PD (Loi n° 2023-222 du 30 mars 2023 / Décret n° 2023-913 du 3 octobre 2023) permet de lancer la rénovation de 1 école (1776 m²) sans immobiliser la capacité d'autofinancement : le tiers-financeur porte le CAPEX hors subventions, remboursé par un loyer lissé sur 12 ans (ordre de grandeur 26 563 €/an). Objectif GPE : −45 % d'énergie finale (compatible DETR ≥ 30 % et Fonds Vert ≥ 40 %). La maîtrise d'ouvrage reste publique ; le contrat intègre PMRV (IPMVP), pénalités de sous-performance et réversibilité des équipements. Subventions attendues (fourchette) : 143 856 € à 213 120 €. Gain net annuel mairie (fourchette) : -904 € à 10 078 €/an. ROI part fonds (fourchette) : — à 10.4 ans.","28215","20223","7992","12","10800","-904","-904","10078","-904 € à 10 078 €/an","-2465",,,"10.4","— à 10.4 ans","45","70","80","true","PAC surdimensionnée pour bâtiment isolé (ITE) : 80 W/m² > 60 W/m² — revoir la note de dimensionnement CVC et le débit nominal","64","⚡ Tiède","Risque sous-performance IPMVP : gain net mairie ≤ 0 au plancher 66 % (vérifier Lt et objectifs GPE) | PAC surdimensionnée pour bâtiment isolé (ITE) : 80 W/m² > 60 W/m² — revoir la note de dimensionnement CVC et le débit nominal","contact@fraisses.fr","EUROTHERM","0.4","eurotherm42@orange.fr","12","20 à 49 salariés","20","Rénovation Lourde","142","6","13","Été 2026 + Automne 2026","45.38782937195497","4.270009386707638"
"BDNB-bdnb-bg-99TK-KCQK-FPL1","42011","200065894","200065894","accueil de loisir sans hÉbergement","Centre / Accueil de loisirs","COM","COMMUNE DE BALBIGNY","Balbigny","1797","1850","D (189 kWh/m²/an)","2018","D","339633","189","75365","33914","23740",,"fourchette","323460","269550","210249","210249","215640","210 249 € à 215 640 €","1553","111658","111658","106267","323460","2697","PACK_FINANÇABLE_EPCI","SOUS_SEUIL_A_CREUSER","EPCI-200065894","En tant que propriétaire du groupe scolaire accueil de loisir sans hÉbergement, votre collectivité est soumise aux obligations de l'article L. 111-10-3 du Code de la construction et de l'habitation (loi ELAN) et au Décret Tertiaire (objectif −40 % en 2030 pour les bâtiments ≥ 1 000 m²). Sans action d'ici 2030, le bâtiment de 1797 m² s'expose aux sanctions administratives et au dispositif de « Name & Shame ». Le montage MGPE-PD (Loi 2023-222) permet un paiement différé lissé sur la performance réelle, compatible avec DETR, DSIL et Fonds Vert ÉduRénov.","Pour Balbigny (42), le montage MGPE-PD (Loi n° 2023-222 du 30 mars 2023 / Décret n° 2023-913 du 3 octobre 2023) permet de lancer la rénovation de 1 école (1797 m²) sans immobiliser la capacité d'autofinancement : le tiers-financeur porte le CAPEX hors subventions, remboursé par un loyer lissé sur 12 ans (ordre de grandeur 19 984 €/an). Objectif GPE : −45 % d'énergie finale (compatible DETR ≥ 30 % et Fonds Vert ≥ 40 %). La maîtrise d'ouvrage reste publique ; le contrat intègre PMRV (IPMVP), pénalités de sous-performance et réversibilité des équipements. Subventions attendues (fourchette) : 210 249 € à 215 640 €. Gain net annuel mairie (fourchette) : 2 697 € à 6 026 €/an. ROI part fonds (fourchette) : 17.6 à 41.4 ans.","21043","12956","8087","12","12871","2697","2697","6026","2 697 € à 6 026 €/an","1340","41.4","41.4","17.6","17.6 à 41.4 ans","65","70","80.1","true","PAC surdimensionnée pour bâtiment isolé (ITE) : 80.1 W/m² > 60 W/m² — revoir la note de dimensionnement CVC et le débit nominal","53","⚡ Tiède","PAC surdimensionnée pour bâtiment isolé (ITE) : 80.1 W/m² > 60 W/m² — revoir la note de dimensionnement CVC et le débit nominal","mairie@balbigny.net","ISOLATION DU FOREZ","15.1","arthur.l@solairforez.fr","12","20 à 49 salariés","20","Rénovation Lourde","144","6","13","Été 2026 + Automne 2026","45.81854596735529","4.183668044258697"
"BDNB-bdnb-bg-SYTG-2JRX-RNS7","42046","200065886","200065886","accueil de loisir sans hÉbergement","Mairie / Hôtel de ville","COM","COMMUNE DE CHAMPDIEU","Champdieu","1711","0","E (220 kWh/m²/an)",,"Estimé","376420","220","83528","37588","20673",,"fourchette","205320","171100","133458","133458","136880","133 458 € à 136 880 €","903","70959","70959","67537","819780","24063","PACK_FINANÇABLE_EPCI","SOUS_SEUIL_A_CREUSER","EPCI-200065886","En tant que propriétaire du groupe scolaire accueil de loisir sans hÉbergement, votre collectivité est soumise aux obligations de l'article L. 111-10-3 du Code de la construction et de l'habitation (loi ELAN) et au Décret Tertiaire (objectif −40 % en 2030 pour les bâtiments ≥ 1 000 m²). Sans action d'ici 2030, le bâtiment de 1711 m² s'expose aux sanctions administratives et au dispositif de « Name & Shame ». Le montage MGPE-PD (Loi 2023-222) permet un paiement différé lissé sur la performance réelle, compatible avec DETR, DSIL et Fonds Vert ÉduRénov.","Pour Champdieu (42), le montage MGPE-PD (Loi n° 2023-222 du 30 mars 2023 / Décret n° 2023-913 du 3 octobre 2023) permet de lancer la rénovation de 1 école (1711 m²) sans immobiliser la capacité d'autofinancement : le tiers-financeur porte le CAPEX hors subventions, remboursé par un loyer lissé sur 12 ans (ordre de grandeur 12 694 €/an). Objectif GPE : −45 % d'énergie finale (compatible DETR ≥ 30 % et Fonds Vert ≥ 40 %). La maîtrise d'ouvrage reste publique ; le contrat intègre PMRV (IPMVP), pénalités de sous-performance et réversibilité des équipements. Subventions attendues (fourchette) : 133 458 € à 136 880 €. Gain net annuel mairie (fourchette) : 7 307 € à 15 862 €/an. ROI part fonds (fourchette) : 4.3 à 9.7 ans.","13366","8233","5133","12","24222","7307","7307","15862","7 307 € à 15 862 €/an","11442","9.7","9.7","4.3","4.3 à 9.7 ans","65","55","80.1","false",,"70","⚡ Tiède",,"mairie@champdieu.fr","ENGIE HOME SERVICES","6.3","fabienne.merite@engie.com","12","20 à 49 salariés","20","Rénovation Moyenne","137","6","8","Été 2026 + Automne 2026","45.64485904076354","4.047580042483217"
"BDNB-bdnb-bg-G79M-AQB5-XLLM","42103","244200770","244200770","accueil de loisir sans hÉbergement","Centre / Accueil de loisirs","EPIC","COMMUNE DE LA GRAND CROIX","La Grand-Croix","1830","1956","D (230 kWh/m²/an)","2021","D","421394","230.27","93507","42078","29455",,"fourchette","329400","274500","148230","148230","219600","148 230 € à 219 600 €","1581","179589","179589","108219","4479180","66357","PACK_FINANÇABLE_EPCI","PROJET_GLOBAL_VALIDE","EPCI-244200770","En tant que propriétaire du groupe scolaire accueil de loisir sans hÉbergement, votre collectivité est soumise aux obligations de l'article L. 111-10-3 du Code de la construction et de l'habitation (loi ELAN) et au Décret Tertiaire (objectif −40 % en 2030 pour les bâtiments ≥ 1 000 m²). Sans action d'ici 2030, le bâtiment de 1830 m² s'expose aux sanctions administratives et au dispositif de « Name & Shame ». Le montage MGPE-PD (Loi 2023-222) permet un paiement différé lissé sur la performance réelle, compatible avec DETR, DSIL et Fonds Vert ÉduRénov.","Pour La Grand-Croix (42), le montage MGPE-PD (Loi n° 2023-222 du 30 mars 2023 / Décret n° 2023-913 du 3 octobre 2023) permet de lancer la rénovation de 1 école (1830 m²) sans immobiliser la capacité d'autofinancement : le tiers-financeur porte le CAPEX hors subventions, remboursé par un loyer lissé sur 12 ans (ordre de grandeur 27 371 €/an). Objectif GPE : −45 % d'énergie finale (compatible DETR ≥ 30 % et Fonds Vert ≥ 40 %). La maîtrise d'ouvrage reste publique ; le contrat intègre PMRV (IPMVP), pénalités de sous-performance et réversibilité des équipements. Subventions attendues (fourchette) : 148 230 € à 219 600 €. Gain net annuel mairie (fourchette) : 382 € à 11 793 €/an. ROI part fonds (fourchette) : 9.2 à 470.1 ans.","29073","20838","8235","12","13005","382","382","11793","382 € à 11 793 €/an","-1302","470.1","470.1","9.2","9.2 à 470.1 ans","45","70","79.8","true","PAC surdimensionnée pour bâtiment isolé (ITE) : 79.8 W/m² > 60 W/m² — revoir la note de dimensionnement CVC et le débit nominal","58","⚡ Tiède","Risque sous-performance IPMVP : gain net mairie ≤ 0 au plancher 66 % (vérifier Lt et objectifs GPE) | PAC surdimensionnée pour bâtiment isolé (ITE) : 79.8 W/m² > 60 W/m² — revoir la note de dimensionnement CVC et le débit nominal","accueil@lagrandcroix.fr","SABATIER","1.8","contacts@sabatier-vitalys.fr","12","20 à 49 salariés","20","Rénovation Lourde","146","6","13","Été 2026 + Automne 2026","45.504680997809274","4.573048973194017"
"BDNB-bdnb-bg-TYKC-YHVH-NPMK","42110","244200770","244200770","accueil de loisir sans hÉbergement","Centre / Accueil de loisirs","COM","COMMUNE DE L HORME","L'Horme","1052","1956","D (180 kWh/m²/an)","2017","D","189360","180","42019","18909","13236",,"fourchette","189360","157800","85212","85212","126240","85 212 € à 126 240 €","909","103239","103239","62211","4479180","66357","PACK_FINANÇABLE_EPCI","PROJET_GLOBAL_VALIDE","EPCI-244200770","En tant que propriétaire du groupe scolaire accueil de loisir sans hÉbergement, votre collectivité est soumise aux obligations de l'article L. 111-10-3 du Code de la construction et de l'habitation (loi ELAN) et au Décret Tertiaire (objectif −40 % en 2030 pour les bâtiments ≥ 1 000 m²). Sans action d'ici 2030, le bâtiment de 1052 m² s'expose aux sanctions administratives et au dispositif de « Name & Shame ». Le montage MGPE-PD (Loi 2023-222) permet un paiement différé lissé sur la performance réelle, compatible avec DETR, DSIL et Fonds Vert ÉduRénov.","Pour L'Horme (42), le montage MGPE-PD (Loi n° 2023-222 du 30 mars 2023 / Décret n° 2023-913 du 3 octobre 2023) permet de lancer la rénovation de 1 école (1052 m²) sans immobiliser la capacité d'autofinancement : le tiers-financeur porte le CAPEX hors subventions, remboursé par un loyer lissé sur 12 ans (ordre de grandeur 15 734 €/an). Objectif GPE : −45 % d'énergie finale (compatible DETR ≥ 30 % et Fonds Vert ≥ 40 %). La maîtrise d'ouvrage reste publique ; le contrat intègre PMRV (IPMVP), pénalités de sous-performance et réversibilité des équipements. Subventions attendues (fourchette) : 85 212 € à 126 240 €. Gain net annuel mairie (fourchette) : -3 477 € à 2 819 €/an. ROI part fonds (fourchette) : — à 22.1 ans.","16713","11979","4734","12","2196","-3477","-3477","2819","-3 477 € à 2 819 €/an","-4233",,,"22.1","— à 22.1 ans","45","70","79.8","true","PAC surdimensionnée pour bâtiment isolé (ITE) : 79.8 W/m² > 60 W/m² — revoir la note de dimensionnement CVC et le débit nominal","58","⚡ Tiède","Risque sous-performance IPMVP : gain net mairie ≤ 0 au plancher 66 % (vérifier Lt et objectifs GPE) | PAC surdimensionnée pour bâtiment isolé (ITE) : 79.8 W/m² > 60 W/m² — revoir la note de dimensionnement CVC et le débit nominal","mairie@ville-horme.fr","SABATIER","1.7","contacts@sabatier-vitalys.fr","12","20 à 49 salariés","20","Rénovation Lourde","84","6","8","Été 2026 + Automne 2026","45.48493599806032","4.544526054161934"
"BDNB-bdnb-bg-AHBD-QCPX-2DA8","42183","244200770","244200770","4 Place des Ecoles du Centre 42150 La Ricamarie","Enseignement","COM","COMMUNE DE LA RICAMARIE","La Ricamarie","2327","1923","D (284 kWh/m²/an)","2016","D","660868","284","146647","65991","46194",,"fourchette","418860","349050","188487","188487","279240","188 487 € à 279 240 €","2011","228362","228362","137609","4479180","66357","PACK_FINANÇABLE_EPCI","PROJET_GLOBAL_VALIDE","EPCI-244200770","En tant que propriétaire du groupe scolaire 4 Place des Ecoles du Centre 42150 La Ricamarie, votre collectivité est soumise aux obligations de l'article L. 111-10-3 du Code de la construction et de l'habitation (loi ELAN) et au Décret Tertiaire (objectif −40 % en 2030 pour les bâtiments ≥ 1 000 m²). Sans action d'ici 2030, le bâtiment de 2327 m² s'expose aux sanctions administratives et au dispositif de « Name & Shame ». Le montage MGPE-PD (Loi 2023-222) permet un paiement différé lissé sur la performance réelle, compatible avec DETR, DSIL et Fonds Vert ÉduRénov.","Pour La Ricamarie (42), le montage MGPE-PD (Loi n° 2023-222 du 30 mars 2023 / Décret n° 2023-913 du 3 octobre 2023) permet de lancer la rénovation de 1 école (2327 m²) sans immobiliser la capacité d'autofinancement : le tiers-financeur porte le CAPEX hors subventions, remboursé par un loyer lissé sur 12 ans (ordre de grandeur 34 804 €/an). Objectif GPE : −45 % d'énergie finale (compatible DETR ≥ 30 % et Fonds Vert ≥ 40 %). La maîtrise d'ouvrage reste publique ; le contrat intègre PMRV (IPMVP), pénalités de sous-performance et réversibilité des équipements. Subventions attendues (fourchette) : 188 487 € à 279 240 €. Gain net annuel mairie (fourchette) : 9 225 € à 24 358 €/an. ROI part fonds (fourchette) : 5.6 à 24.8 ans.","36969","26497","10472","12","29022","9225","9225","24358","9 225 € à 24 358 €/an","6585","24.8","24.8","5.6","5.6 à 24.8 ans","45","70","79.9","true","PAC surdimensionnée pour bâtiment isolé (ITE) : 79.9 W/m² > 60 W/m² — revoir la note de dimensionnement CVC et le débit nominal","63","⚡ Tiède","PAC surdimensionnée pour bâtiment isolé (ITE) : 79.9 W/m² > 60 W/m² — revoir la note de dimensionnement CVC et le débit nominal","mairie@ville-la-ricamarie.fr","PROXISERVE","8.8","jbarbe@proxiserve.fr","21","50 à 99 salariés","50","Rénovation Lourde","186","12","8","Été 2026 + Automne 2026","45.40464403825072","4.365885062018594"
"BDNB-bdnb-bg-UBBR-VPY4-CPJA","42211","200065886","200065886","École primaire","Centre / Accueil de loisirs","COM","COMMUNE DE SAINT CYPRIEN","Saint-Cyprien","1919","1973","D (229 kWh/m²/an)","2016","D","439835","229.2","97599","43920","30744",,"fourchette","345420","287850","224523","224523","230280","224 523 € à 230 280 €","1658","119239","119239","113482","819780","24063","PACK_FINANÇABLE_EPCI","SOUS_SEUIL_A_CREUSER","EPCI-200065886","En tant que propriétaire du groupe scolaire École primaire, votre collectivité est soumise aux obligations de l'article L. 111-10-3 du Code de la construction et de l'habitation (loi ELAN) et au Décret Tertiaire (objectif −40 % en 2030 pour les bâtiments ≥ 1 000 m²). Sans action d'ici 2030, le bâtiment de 1919 m² s'expose aux sanctions administratives et au dispositif de « Name & Shame ». Le montage MGPE-PD (Loi 2023-222) permet un paiement différé lissé sur la performance réelle, compatible avec DETR, DSIL et Fonds Vert ÉduRénov.","Pour Saint-Cyprien (42), le montage MGPE-PD (Loi n° 2023-222 du 30 mars 2023 / Décret n° 2023-913 du 3 octobre 2023) permet de lancer la rénovation de 1 école (1919 m²) sans immobiliser la capacité d'autofinancement : le tiers-financeur porte le CAPEX hors subventions, remboursé par un loyer lissé sur 12 ans (ordre de grandeur 21 341 €/an). Objectif GPE : −45 % d'énergie finale (compatible DETR ≥ 30 % et Fonds Vert ≥ 40 %). La maîtrise d'ouvrage reste publique ; le contrat intègre PMRV (IPMVP), pénalités de sous-performance et réversibilité des équipements. Subventions attendues (fourchette) : 224 523 € à 230 280 €. Gain net annuel mairie (fourchette) : 8 273 € à 12 212 €/an. ROI part fonds (fourchette) : 9.3 à 14.4 ans.","22471","13835","8636","12","21449","8273","8273","12212","8 273 € à 12 212 €/an","6516","14.4","14.4","9.3","9.3 à 14.4 ans","65","70","80.3","true","PAC surdimensionnée pour bâtiment isolé (ITE) : 80.3 W/m² > 60 W/m² — revoir la note de dimensionnement CVC et le débit nominal","66","⚡ Tiède","PAC surdimensionnée pour bâtiment isolé (ITE) : 80.3 W/m² > 60 W/m² — revoir la note de dimensionnement CVC et le débit nominal","contact.mairie@saintcyprien.fr","FORISSIER","3.9","contact@forissier-csf.fr","12","20 à 49 salariés","20","Rénovation Lourde","154","6","14","Été 2026 + Automne 2026","45.536776021176095","4.233695004627418"
"BDNB-bdnb-bg-VHX8-DFRJ-ATMH","42222","244200770","244200770","infirmier","Bibliothèque","COM","COMMUNE DE SAINT GALMIER","Saint-Galmier","2089","1850","E (271 kWh/m²/an)","2015","E","566119","271","125622","56530","39571",,"fourchette","376020","313350","169209","169209","250680","169 209 € à 250 680 €","1805","205006","205006","123535","4479180","66357","PACK_FINANÇABLE_EPCI","PROJET_GLOBAL_VALIDE","EPCI-244200770","En tant que propriétaire du groupe scolaire infirmier, votre collectivité est soumise aux obligations de l'article L. 111-10-3 du Code de la construction et de l'habitation (loi ELAN) et au Décret Tertiaire (objectif −40 % en 2030 pour les bâtiments ≥ 1 000 m²). Sans action d'ici 2030, le bâtiment de 2089 m² s'expose aux sanctions administratives et au dispositif de « Name & Shame ». Le montage MGPE-PD (Loi 2023-222) permet un paiement différé lissé sur la performance réelle, compatible avec DETR, DSIL et Fonds Vert ÉduRénov.","Pour Saint-Galmier (42), le montage MGPE-PD (Loi n° 2023-222 du 30 mars 2023 / Décret n° 2023-913 du 3 octobre 2023) permet de lancer la rénovation de 1 école (2089 m²) sans immobiliser la capacité d'autofinancement : le tiers-financeur porte le CAPEX hors subventions, remboursé par un loyer lissé sur 12 ans (ordre de grandeur 31 244 €/an). Objectif GPE : −45 % d'énergie finale (compatible DETR ≥ 30 % et Fonds Vert ≥ 40 %). La maîtrise d'ouvrage reste publique ; le contrat intègre PMRV (IPMVP), pénalités de sous-performance et réversibilité des équipements. Subventions attendues (fourchette) : 169 209 € à 250 680 €. Gain net annuel mairie (fourchette) : 6 383 € à 19 834 €/an. ROI part fonds (fourchette) : 6.2 à 32.1 ans.","33188","23787","9401","12","23342","6383","6383","19834","6 383 € à 19 834 €/an","4122","32.1","32.1","6.2","6.2 à 32.1 ans","45","70","79.9","true","PAC surdimensionnée pour bâtiment isolé (ITE) : 79.9 W/m² > 60 W/m² — revoir la note de dimensionnement CVC et le débit nominal","63","⚡ Tiède","PAC surdimensionnée pour bâtiment isolé (ITE) : 79.9 W/m² > 60 W/m² — revoir la note de dimensionnement CVC et le débit nominal","contact@mairie-saint-galmier.fr","PROXISERVE","14.1","jbarbe@proxiserve.fr","21","50 à 99 salariés","50","Rénovation Lourde","167","12","7","Été 2026 + Automne 2026","45.59047496986454","4.316104986405668"
"BDNB-bdnb-bg-77RW-1M3P-4WRE","42222","244200770","244200770","accueil de loisir sans hÉbergement","Centre / Accueil de loisirs","COM","COMMUNE DE SAINT GALMIER","Saint-Galmier","1287","1900","F (220 kWh/m²/an)","2020","F","283140","220","62829","28273","19791",,"fourchette","231660","193050","115830","115830","154440","115 830 € à 154 440 €","1112","114718","114718","76108","4479180","66357","PACK_FINANÇABLE_EPCI","PROJET_GLOBAL_VALIDE","EPCI-244200770","En tant que propriétaire du groupe scolaire accueil de loisir sans hÉbergement, votre collectivité est soumise aux obligations de l'article L. 111-10-3 du Code de la construction et de l'habitation (loi ELAN) et au Décret Tertiaire (objectif −40 % en 2030 pour les bâtiments ≥ 1 000 m²). Sans action d'ici 2030, le bâtiment de 1287 m² s'expose aux sanctions administratives et au dispositif de « Name & Shame ». Le montage MGPE-PD (Loi 2023-222) permet un paiement différé lissé sur la performance réelle, compatible avec DETR, DSIL et Fonds Vert ÉduRénov.","Pour Saint-Galmier (42), le montage MGPE-PD (Loi n° 2023-222 du 30 mars 2023 / Décret n° 2023-913 du 3 octobre 2023) permet de lancer la rénovation de 1 école (1287 m²) sans immobiliser la capacité d'autofinancement : le tiers-financeur porte le CAPEX hors subventions, remboursé par un loyer lissé sur 12 ans (ordre de grandeur 18 015 €/an). Objectif GPE : −45 % d'énergie finale (compatible DETR ≥ 30 % et Fonds Vert ≥ 40 %). La maîtrise d'ouvrage reste publique ; le contrat intègre PMRV (IPMVP), pénalités de sous-performance et réversibilité des équipements. Subventions attendues (fourchette) : 115 830 € à 154 440 €. Gain net annuel mairie (fourchette) : 688 € à 7 304 €/an. ROI part fonds (fourchette) : 10.4 à 166.7 ans.","19103","13311","5792","12","9170","688","688","7304","688 € à 7 304 €/an","-443","166.7","166.7","10.4","10.4 à 166.7 ans","50","70","80","true","PAC surdimensionnée pour bâtiment isolé (ITE) : 80 W/m² > 60 W/m² — revoir la note de dimensionnement CVC et le débit nominal","68","⚡ Tiède","Risque sous-performance IPMVP : gain net mairie ≤ 0 au plancher 66 % (vérifier Lt et objectifs GPE) | PAC surdimensionnée pour bâtiment isolé (ITE) : 80 W/m² > 60 W/m² — revoir la note de dimensionnement CVC et le débit nominal","contact@mairie-saint-galmier.fr","FORISSIER","7.8","contact@forissier-csf.fr","12","20 à 49 salariés","20","Rénovation Lourde","103","6","9","Été 2026 + Automne 2026","45.59305497876389","4.314775944547853"
"BDNB-bdnb-bg-4KUM-FL45-8TJX","42271","244200770","244200770","mairie","Mairie / Hôtel de ville","COM","COMMUNE DE SAINT PAUL EN JAREZ","Saint-Paul-en-Jarez","1068","1700","G (220 kWh/m²/an)","2019","G","234960","220","52138","23462","16423",,"fourchette","192240","160200","96120","96120","128160","96 120 € à 128 160 €","923","95197","95197","63157","4479180","66357","PACK_FINANÇABLE_EPCI","PROJET_GLOBAL_VALIDE","EPCI-244200770","En tant que propriétaire du groupe scolaire mairie, votre collectivité est soumise aux obligations de l'article L. 111-10-3 du Code de la construction et de l'habitation (loi ELAN) et au Décret Tertiaire (objectif −40 % en 2030 pour les bâtiments ≥ 1 000 m²). Sans action d'ici 2030, le bâtiment de 1068 m² s'expose aux sanctions administratives et au dispositif de « Name & Shame ». Le montage MGPE-PD (Loi 2023-222) permet un paiement différé lissé sur la performance réelle, compatible avec DETR, DSIL et Fonds Vert ÉduRénov.","Pour Saint-Paul-en-Jarez (42), le montage MGPE-PD (Loi n° 2023-222 du 30 mars 2023 / Décret n° 2023-913 du 3 octobre 2023) permet de lancer la rénovation de 1 école (1068 m²) sans immobiliser la capacité d'autofinancement : le tiers-financeur porte le CAPEX hors subventions, remboursé par un loyer lissé sur 12 ans (ordre de grandeur 14 949 €/an). Objectif GPE : −45 % d'énergie finale (compatible DETR ≥ 30 % et Fonds Vert ≥ 40 %). La maîtrise d'ouvrage reste publique ; le contrat intègre PMRV (IPMVP), pénalités de sous-performance et réversibilité des équipements. Subventions attendues (fourchette) : 96 120 € à 128 160 €. Gain net annuel mairie (fourchette) : 571 € à 6 061 €/an. ROI part fonds (fourchette) : 10.4 à 166.7 ans.","15852","11046","4806","12","7610","571","571","6061","571 € à 6 061 €/an","-367","166.7","166.7","10.4","10.4 à 166.7 ans","50","70","79.6","true","PAC surdimensionnée pour bâtiment isolé (ITE) : 79.6 W/m² > 60 W/m² — revoir la note de dimensionnement CVC et le débit nominal","71","⚡ Tiède","Risque sous-performance IPMVP : gain net mairie ≤ 0 au plancher 66 % (vérifier Lt et objectifs GPE) | PAC surdimensionnée pour bâtiment isolé (ITE) : 79.6 W/m² > 60 W/m² — revoir la note de dimensionnement CVC et le débit nominal","mairie@saint-paul-en-jarez.fr","SABATIER","0.9","contacts@sabatier-vitalys.fr","12","20 à 49 salariés","20","Rénovation Lourde","85","6","8","Été 2026 + Automne 2026","45.48317803512611","4.573741009938884"
"BDNB-bdnb-bg-94LW-4KAX-DF6M","42275","244200770","244200770","École primaire","Enseignement","COM","COMMUNE DE SAINT PRIEST EN JAREZ","Saint-Priest-en-Jarez","1130","1900","E (343 kWh/m²/an)","2019","E","387590","343","86006","38703","27092",,"fourchette","203400","169500","91530","91530","135600","91 530 € à 135 600 €","976","110894","110894","66824","4479180","66357","PACK_FINANÇABLE_EPCI","PROJET_GLOBAL_VALIDE","EPCI-244200770","En tant que propriétaire du groupe scolaire École primaire, votre collectivité est soumise aux obligations de l'article L. 111-10-3 du Code de la construction et de l'habitation (loi ELAN) et au Décret Tertiaire (objectif −40 % en 2030 pour les bâtiments ≥ 1 000 m²). Sans action d'ici 2030, le bâtiment de 1130 m² s'expose aux sanctions administratives et au dispositif de « Name & Shame ». Le montage MGPE-PD (Loi 2023-222) permet un paiement différé lissé sur la performance réelle, compatible avec DETR, DSIL et Fonds Vert ÉduRénov.","Pour Saint-Priest-en-Jarez (42), le montage MGPE-PD (Loi n° 2023-222 du 30 mars 2023 / Décret n° 2023-913 du 3 octobre 2023) permet de lancer la rénovation de 1 école (1130 m²) sans immobiliser la capacité d'autofinancement : le tiers-financeur porte le CAPEX hors subventions, remboursé par un loyer lissé sur 12 ans (ordre de grandeur 16 901 €/an). Objectif GPE : −45 % d'énergie finale (compatible DETR ≥ 30 % et Fonds Vert ≥ 40 %). La maîtrise d'ouvrage reste publique ; le contrat intègre PMRV (IPMVP), pénalités de sous-performance et réversibilité des équipements. Subventions attendues (fourchette) : 91 530 € à 135 600 €. Gain net annuel mairie (fourchette) : 9 140 € à 16 822 €/an. ROI part fonds (fourchette) : 4 à 12.1 ans.","17952","12867","5085","12","20751","9140","9140","16822","9 140 € à 16 822 €/an","7592","12.1","12.1","4","4 à 12.1 ans","45","70","79.6","true","PAC surdimensionnée pour bâtiment isolé (ITE) : 79.6 W/m² > 60 W/m² — revoir la note de dimensionnement CVC et le débit nominal","73","⚡ Tiède","PAC surdimensionnée pour bâtiment isolé (ITE) : 79.6 W/m² > 60 W/m² — revoir la note de dimensionnement CVC et le débit nominal","gdeville@mspj.fr","SARL ARMANDO ALVES","0.6","charlene@armandoalves.fr","12","20 à 49 salariés","20","Rénovation Lourde","90","6","8","Été 2026 + Automne 2026","45.47296602689997","4.3789740244792"
"BDNB-bdnb-bg-3TCB-BN7W-ZKHB","42299","200065886","200065886","accueil de loisir sans hÉbergement","Centre / Accueil de loisirs","COM","COMMUNE DE SAVIGNEUX","Savigneux","1121","0","E (291 kWh/m²/an)","2019","E","326211","291","72386","32574","17916",,"fourchette","134520","112100","60534","60534","89680","60 534 € à 89 680 €","592","73394","73394","44248","819780","24063","PACK_FINANÇABLE_EPCI","SOUS_SEUIL_A_CREUSER","EPCI-200065886","En tant que propriétaire du groupe scolaire accueil de loisir sans hÉbergement, votre collectivité est soumise aux obligations de l'article L. 111-10-3 du Code de la construction et de l'habitation (loi ELAN) et au Décret Tertiaire (objectif −40 % en 2030 pour les bâtiments ≥ 1 000 m²). Sans action d'ici 2030, le bâtiment de 1121 m² s'expose aux sanctions administratives et au dispositif de « Name & Shame ». Le montage MGPE-PD (Loi 2023-222) permet un paiement différé lissé sur la performance réelle, compatible avec DETR, DSIL et Fonds Vert ÉduRénov.","Pour Savigneux (42), le montage MGPE-PD (Loi n° 2023-222 du 30 mars 2023 / Décret n° 2023-913 du 3 octobre 2023) permet de lancer la rénovation de 1 école (1121 m²) sans immobiliser la capacité d'autofinancement : le tiers-financeur porte le CAPEX hors subventions, remboursé par un loyer lissé sur 12 ans (ordre de grandeur 11 183 €/an). Objectif GPE : −45 % d'énergie finale (compatible DETR ≥ 30 % et Fonds Vert ≥ 40 %). La maîtrise d'ouvrage reste publique ; le contrat intègre PMRV (IPMVP), pénalités de sous-performance et réversibilité des équipements. Subventions attendues (fourchette) : 60 534 € à 89 680 €. Gain net annuel mairie (fourchette) : 6 037 € à 16 353 €/an. ROI part fonds (fourchette) : 2.7 à 12.2 ans.","11879","8516","3363","12","20695","6037","6037","16353","6 037 € à 16 353 €/an","9620","12.2","12.2","2.7","2.7 à 12.2 ans","45","55","80.3","false",,"70","⚡ Tiède",,"mairie@savigneux.fr","ENGIE HOME SERVICES","1.4","fabienne.merite@engie.com","12","20 à 49 salariés","20","Rénovation Moyenne","90","6","5","Été 2026 + Automne 2026","45.607628030320356","4.081835986787586"
"BDNB-bdnb-bg-WXG3-EGUU-HP1L","42302","244200770","244200770","École primaire","Enseignement","COM","COMMUNE DE SORBIERS","Sorbiers","1087","1900","D (341 kWh/m²/an)","2020","D","370808","341.13","82282","37027","25919",,"fourchette","195660","163050","88047","88047","130440","88 047 € à 130 440 €","939","106674","106674","64281","4479180","66357","PACK_FINANÇABLE_EPCI","PROJET_GLOBAL_VALIDE","EPCI-244200770","En tant que propriétaire du groupe scolaire École primaire, votre collectivité est soumise aux obligations de l'article L. 111-10-3 du Code de la construction et de l'habitation (loi ELAN) et au Décret Tertiaire (objectif −40 % en 2030 pour les bâtiments ≥ 1 000 m²). Sans action d'ici 2030, le bâtiment de 1087 m² s'expose aux sanctions administratives et au dispositif de « Name & Shame ». Le montage MGPE-PD (Loi 2023-222) permet un paiement différé lissé sur la performance réelle, compatible avec DETR, DSIL et Fonds Vert ÉduRénov.","Pour Sorbiers (42), le montage MGPE-PD (Loi n° 2023-222 du 30 mars 2023 / Décret n° 2023-913 du 3 octobre 2023) permet de lancer la rénovation de 1 école (1087 m²) sans immobiliser la capacité d'autofinancement : le tiers-financeur porte le CAPEX hors subventions, remboursé par un loyer lissé sur 12 ans (ordre de grandeur 16 258 €/an). Objectif GPE : −45 % d'énergie finale (compatible DETR ≥ 30 % et Fonds Vert ≥ 40 %). La maîtrise d'ouvrage reste publique ; le contrat intègre PMRV (IPMVP), pénalités de sous-performance et réversibilité des équipements. Subventions attendues (fourchette) : 88 047 € à 130 440 €. Gain net annuel mairie (fourchette) : 8 650 € à 16 029 €/an. ROI part fonds (fourchette) : 4 à 12.3 ans.","17269","12377","4892","12","19758","8650","8650","16029","8 650 € à 16 029 €/an","7169","12.3","12.3","4","4 à 12.3 ans","45","70","80","true","PAC surdimensionnée pour bâtiment isolé (ITE) : 80 W/m² > 60 W/m² — revoir la note de dimensionnement CVC et le débit nominal","66","⚡ Tiède","PAC surdimensionnée pour bâtiment isolé (ITE) : 80 W/m² > 60 W/m² — revoir la note de dimensionnement CVC et le débit nominal","contact@mairie-sorbiers.fr","THERMI-TEC","2.8","contact@thermi-tec.com","12","20 à 49 salariés","20","Rénovation Lourde","87","6","8","Été 2026 + Automne 2026","45.49321797053191","4.433251986309223"
